지번 주소,토지면적(㎡),연면적(㎡),용도지역,주구조,주용도,층수,세대/가구/호,주차대수,사용승인일,인접역,거리(m),매가(만원),보증금(만원),월세(만원),실투자금,융자제외수익률(%),광고(자동완성),사진링크,지도,대표사진,대표
관악구 봉천동 1535-1,116.70,291.76,제2종일반주거지역,철근콘크리트구조,단독주택,-1/4,0/1/0,2,2019-01-11,봉천역,383,190000,116900,570,73100,9.4,"↑ 위 매물번호를 알려주시면 빠른 상담가능합니다 ↑
-----------------------------------------------------------
♣ 금토끼공인중개사사무소 TEL. 02.3471.7377
금토끼부동산과 함께 안전하고 행복한 부자되세요.
-----------------------------------------------------------
* 상세정보 *
- 봉천역 도보 8분 주택가 초고수익률 원룸 건물 매매
- 2호선 접근성 좋아 강남 등 출퇴근 좋은 지역
- 장군봉공원 등 인근으로 환경 및 거주여건 우수
- 매매금액 : 19억 
- 임대내역 : 보증금 11억 6900만원/월세 570만원 (관리비포함)
- 건물현황 : 원룸 21호
- 대지면적 : 116.7㎡(약35.4평) / 연면적 : 291.76㎡(약88.4평)
- 층수 : 지하1층/지상4층
- 주차 : 2대
- 승강기 : 없음
- 방향 : 북서향 (주출입구 기준, 호실별 상이함)
- 주용도 : 단독주택
- 용도지역 : 제2종일반주거지역
- 위반건축물 : X
- 사용승인일 : 2019-01-11
-------------------------------------------------------------
♣ 금토끼부동산은
- 고객 니즈에 맞는 친절하고 자세한 상담드립니다.
- 실제매물, 현장사진으로 확인매물로만 알려드립니다.
- 정확한 권리분석과 고객님의 자산안전에 중점을 두고 중개합니다.
♣ 금토끼부동산 위치 : 7호선 남성역 2번출구에서 직진 도보2분
♣ 매물 보기, 상담 신청 : https://goldenrabbit.biz
-------------------------------------------------------------
본 매물은 공인중개사법 제18조 제2·3항에 따라
최초 게시 시 실매물임을 확인하였으나,
현재 시점에서는 거래 완료 등 정보가 변경되었을 수 있습니다.",https://drive.google.com/open?id=1VtEtLU2BBmoPgTiNtD-PLAPrdGxlBav1&usp=drive_fs,https://map.kakao.com/link/search/관악구봉천동1535-1,20250513_155321.jpg (https://v5.airtableusercontent.com/v3/u/45/45/1758024000000/mTp9UGC1prdc30YxCWHLWw/4b4tWg2K8p28NDtkvxTUrRZwQCHDx4i6QFw8Hb9-CxMTozanTcTQ-qS72s9RIhPSAc9DAiwNEytAY-_iB164sW73G8Wxd-oHaOyfRFccOJ5POPWrUG4z-2uImQhRRs1kJl2ZlmGS5c4SAsxnVyWyykx5OnPRv9-sZPivCNRiO_E/_vJYVkfgbu4RQkdRr2Qy6VjjWVA-Y-y5yYQK3Qg5TA0),
관악구 신림동 1563-12,341.20,993.29,제2종일반주거지역,철근콘크리트구조,제2종근린생활시설,-2/5,0/1/0,7,2024-07-11,신대방역,1700,573000,354700,1706,218300,9.4,"↑ 위 매물번호를 알려주시면 빠른 상담가능합니다 ↑
-----------------------------------------------------------
♣ 금토끼공인중개사사무소 TEL. 02.3471.7377
금토끼부동산과 함께 안전하고 행복한 부자되세요.
-----------------------------------------------------------
* 상세정보 *
- 신림동 난곡 주택가 수익형 건물 매매
- 2024년 신축 총 7개 층 규모 1.5룸 투룸 위주 선호도 높은 수익형 건물
- 9%이상의 초고수익률 건물

- 매매금액 : 57억 3000만원
- 임대내역 : 보증금 35억 4700만원/월세 1706만원 (관리비포함)
- 건물현황 : 상가 2호, 1.5룸 25호 (1호는 테라스), 투룸 6호
- 대지면적 : 341.2㎡(약103.4평) / 연면적 : 993.29㎡(약301평)
- 층수 : 지하2층/지상5층
- 주차 : 7대
- 승강기 : 有
- 방향 : 북서향 (주출입구 기준, 호실별 상이함)
- 주용도 : 제2종근린생활시설
- 용도지역 : 제2종일반주거지역
- 위반건축물 : X
- 사용승인일 : 2024-07-11
-------------------------------------------------------------
♣ 금토끼부동산은
- 고객 니즈에 맞는 친절하고 자세한 상담드립니다.
- 실제매물, 현장사진으로 확인매물로만 알려드립니다.
- 정확한 권리분석과 고객님의 자산안전에 중점을 두고 중개합니다.
♣ 금토끼부동산 위치 : 7호선 남성역 2번출구에서 직진 도보2분
♣ 매물 보기, 상담 신청 : https://goldenrabbit.biz
-------------------------------------------------------------
본 매물은 공인중개사법 제18조 제2·3항에 따라
최초 게시 시 실매물임을 확인하였으나,
현재 시점에서는 거래 완료 등 정보가 변경되었을 수 있습니다.",https://drive.google.com/open?id=1n59dx5fc3kjkUwX206BJ7M0ZDSuiT0kv&usp=drive_fs,https://map.kakao.com/link/search/관악구신림동1563-12,KakaoTalk_20250822_140710397_10.jpg (https://v5.airtableusercontent.com/v3/u/45/45/1758024000000/RTp7P1iizoHTMGu7BsdoSA/N8USDOQlnk1XE5WA8RPAGwgi2V6fgXH240wcqKx10UeAEl7GTJq5wMqhKRz28U0iYrr7KHnSYvcDvc2lNiuoRP8jLJnvzNeOBjhIWCUNBcMhOZlRhJrX1NhkQHQaY4VnsQ4rbtAbhWE2OBwP0aiBHXrPWIC6vnOAyTtLpGYDOdsVbm3RpX99LTZhcafLdZBs/hPGIV6Z1rKuowThWQeGX-7656Vc3wzMOMqjIO21Pi64),
관악구 봉천동 100-308,126.00,321.47,제2종일반주거지역,철근콘크리트구조,단독주택,-1/4,0/3/0,4,2009-05-28,낙성대역,686,135000,90000,350,45000,9.3,"↑ 위 매물번호를 알려주시면 빠른 상담가능합니다 ↑
-----------------------------------------------------------
♣ 금토끼공인중개사사무소 TEL. 02.3471.7377
금토끼부동산과 함께 안전하고 행복한 부자되세요.
-----------------------------------------------------------
* 상세정보 *
- 낙성대역 도보 10분 인근 최저가 원룸건물 매매
- 리모델링용 최적의 급매물로 수익성 극대화 가능
- 매매금액 : 13억 5000만원
- 임대내역 : 보증금 9억원/월세 350만원 (관리비포함)
- 건물현황 : 원룸 13, 주인세대 투룸
- 대지면적 : 126㎡(약38.2평) / 연면적 : 321.47㎡(약97.4평)
- 층수 : 지하1층/지상4층
- 주차 : 4대
- 승강기 : 없음
- 방향 : 북서향 (주출입구 기준, 호실별 상이함)
- 주용도 : 단독주택
- 용도지역 : 제2종일반주거지역
- 위반건축물 : X
- 사용승인일 : 2009-05-28
-------------------------------------------------------------
♣ 금토끼부동산은
- 고객 니즈에 맞는 친절하고 자세한 상담드립니다.
- 실제매물, 현장사진으로 확인매물로만 알려드립니다.
- 정확한 권리분석과 고객님의 자산안전에 중점을 두고 중개합니다.
♣ 금토끼부동산 위치 : 7호선 남성역 2번출구에서 직진 도보2분
♣ 매물 보기, 상담 신청 : https://goldenrabbit.biz
-------------------------------------------------------------
본 매물은 공인중개사법 제18조 제2·3항에 따라
최초 게시 시 실매물임을 확인하였으나,
현재 시점에서는 거래 완료 등 정보가 변경되었을 수 있습니다.",https://drive.google.com/open?id=1LTpPnT5ui6dc9kQljNqLjBQQdZbml92E&usp=drive_fs,https://map.kakao.com/link/search/관악구봉천동100-308,20250828_144443.jpg (https://v5.airtableusercontent.com/v3/u/45/45/1758024000000/nwNPp1M_TXwCahp5TjzO8w/ZSuELxKYIzlDh6TpPN8GBzN2piDjLw0-Oliy5p_P339gvaB9znqFueLc8jlr2ALZ3ZAUpg0YxUc-6HM-y1ofpnMC6kX0105SoIPAguGnmY0Houbi8-JWPMKGS-dYxz6EBCC6CdNqzaIfc4NsPHIBSX9xXbG0guHzoaqq7Psdh7w/4CWCjCmbPCABm4HC_wMCsSex0FudKldqhPtxCad-d_Q),
관악구 봉천동 1637-7,110.80,211.76,제2종일반주거지역,철근콘크리트구조,단독주택,-1/4,0/1/0,1,2021-04-09,낙성대역,280,205000,145400,458,59600,9.2,"↑ 위 매물번호를 알려주시면 빠른 상담가능합니다 ↑
-----------------------------------------------------------
♣ 금토끼공인중개사사무소 TEL. 02.3471.7377
금토끼부동산과 함께 안전하고 행복한 부자되세요.
-----------------------------------------------------------
* 상세정보 *
- 낙성대역 도보 4분 매우 높은 수익률의 다중주택 매매
- 7억원대 투자금으로 400만원 이상의 수익
- 월세 전환을 통해 높은 수익 실현 가능
- 매매금액 : 20억 5000만원
- 임대내역 : 보증금 14억 5400만원/월세 458만원 (관리비포함)
- 건물현황 : 원룸 15호
- 대지면적 : 110.8㎡(약33.6평) / 연면적 : 211.76㎡(약64.2평)
- 층수 : 지하1층/지상4층
- 주차 : 1대
- 승강기 : 없음
- 방향 : 남동향 (주출입구 기준, 호실별 상이함)
- 주용도 : 단독주택
- 용도지역 : 제2종일반주거지역
- 위반건축물 : O
- 사용승인일 : 2021-04-09
-------------------------------------------------------------
♣ 금토끼부동산은
- 고객 니즈에 맞는 친절하고 자세한 상담드립니다.
- 실제매물, 현장사진으로 확인매물로만 알려드립니다.
- 정확한 권리분석과 고객님의 자산안전에 중점을 두고 중개합니다.
♣ 금토끼부동산 위치 : 7호선 남성역 2번출구에서 직진 도보2분
♣ 매물 보기, 상담 신청 : https://goldenrabbit.biz
-------------------------------------------------------------
본 매물은 공인중개사법 제18조 제2·3항에 따라
최초 게시 시 실매물임을 확인하였으나,
현재 시점에서는 거래 완료 등 정보가 변경되었을 수 있습니다.",https://drive.google.com/open?id=1UxekXXIXhB040n6F82u5rZkT0i14EAbm&usp=drive_fs,https://map.kakao.com/link/search/관악구봉천동1637-7,KakaoTalk_20250910_155526527_01.jpg (https://v5.airtableusercontent.com/v3/u/45/45/1758024000000/jIEDl5lp8gHy2TKlSyLhYQ/tVwthlAtrKiHza9HECv7fz8jjxIfq6B6d5zwKaI27jZqJGzPQ-zjH_RKBmb9v3RYg28RI-WPfEloib5HozwVjrrmXE0FaY9_v0Dgk_rrRFdO6R8_YINAJHAgBq9nmkF5uLz9H5-_oWGb0nY2WcDHHxo2bIiyjFvtYhWUnqcB1UkGrpKekTDIdICDJd5_fuGW/zeXqsegl0ooM10nmsWwOC-u5WPuMA-pImirzds-BOXI),
관악구 신림동 1532-4,229.70,659.89,제3종일반주거지역,철근콘크리트구조,제2종근린생활시설,-1/5,0/0/0,5,1995-05-11,서울대벤처타운역,336,330000,12000,2400,318000,9.1,"↑ 위 매물번호를 알려주시면 빠른 상담가능합니다 ↑
-----------------------------------------------------------
♣ 금토끼공인중개사사무소 TEL. 02.3471.7377
금토끼부동산과 함께 안전하고 행복한 부자되세요.
-----------------------------------------------------------
* 상세정보 *
- 서울대벤처타운역 도보 7분 월세 2400만원 급이 다른 원룸 건물 매매
- 올리모델링, 공용 세탁기/건조기 갖춘 최고의 시설
- 임차인이 선호하는 모든 걸 갖춘 원룸 건물
- 매매금액 : 33억 
- 임대내역 : 보증금 1억 2000만원/월세 2400만원 (관리비포함)
- 건물현황 : 올근생, 원룸 35호
- 대지면적 : 229.7㎡(약69.6평) / 연면적 : 659.89㎡(약200평)
- 층수 : 지하1층/지상5층
- 주차 : 5대
- 승강기 : 없음
- 방향 : 남서향 (주출입구 기준, 호실별 상이함)
- 주용도 : 제2종근린생활시설
- 용도지역 : 제3종일반주거지역
- 위반건축물 : X
- 사용승인일 : 1995-05-11
-------------------------------------------------------------
♣ 금토끼부동산은
- 고객 니즈에 맞는 친절하고 자세한 상담드립니다.
- 실제매물, 현장사진으로 확인매물로만 알려드립니다.
- 정확한 권리분석과 고객님의 자산안전에 중점을 두고 중개합니다.
♣ 금토끼부동산 위치 : 7호선 남성역 2번출구에서 직진 도보2분
♣ 매물 보기, 상담 신청 : https://goldenrabbit.biz
-------------------------------------------------------------
본 매물은 공인중개사법 제18조 제2·3항에 따라
최초 게시 시 실매물임을 확인하였으나,
현재 시점에서는 거래 완료 등 정보가 변경되었을 수 있습니다.",https://drive.google.com/open?id=1NQpHiknjEjmz3pFI_mp9Rhy5viwTKxZE&usp=drive_fs,https://map.kakao.com/link/search/관악구신림동1532-4,KakaoTalk_20250710_165136837_01.jpg (https://v5.airtableusercontent.com/v3/u/45/45/1758024000000/k-s3Wzon9yUJPpNI2jC3QQ/N21Hm108h3ZsiAlpXFGeja6Zms78_dIXKm046LMQtZU52M5Og0YPCFtjhf8fHtCFcf9XEIjCRjfqUim9UbDZbmSlbaXZtrr39YacFzuC1Qfi4RjrANM18mCV5SI23t9ZOY86RD0OjerK5_u2udfkumSjI239JzcIWtohh2R4XVrSGySwhSEnyFIkH9Acop5X/ELGXZV02ukkFaWeVvREUjHzBUn4KMmUPxg9d4tWiuqQ),
금천구 가산동 151-52,132.20,219.14,제2종일반주거지역,벽돌구조,단독주택,-1/2,3/3/0,0,1976-12-16,가산디지털단지역,1100,95000,40000,400,55000,8.7,"↑ 위 매물번호를 알려주시면 빠른 상담가능합니다 ↑
-----------------------------------------------------------
♣ 금토끼공인중개사사무소 TEL. 02.3471.7377
금토끼부동산과 함께 안전하고 행복한 부자되세요.
-----------------------------------------------------------
* 상세정보 *
- 구로 가산디지털단지 옆 올리모델링 고수익 원룸건물 매매
- 월수입 400만원 이상 수익률 7%이상
- 대지지분 40평, 향후 지가 상승 기대
- CCTV 등 안전 옵션 포함 2019년 올리모델링한 풀옵션 원룸
- 매매금액 : 9억 5000만원
- 임대내역 : 보증금 4억원/월세 400만원 (관리비포함)
- 건물현황 : 각층 원룸 6호씩 18호, 옥탑 1호 (총 원룸 19호)
- 대지면적 : 132.2㎡(약40.1평) / 연면적 : 219.14㎡(약66.4평)
- 층수 : 지하1층/지상2층
- 주차 : 0대
- 승강기 : 없음
- 방향 : 남동향 (주출입구 기준, 호실별 상이함)
- 주용도 : 단독주택
- 용도지역 : 제2종일반주거지역
- 위반건축물 : X
- 사용승인일 : 1976-12-16
-------------------------------------------------------------
♣ 금토끼부동산은
- 고객 니즈에 맞는 친절하고 자세한 상담드립니다.
- 실제매물, 현장사진으로 확인매물로만 알려드립니다.
- 정확한 권리분석과 고객님의 자산안전에 중점을 두고 중개합니다.
♣ 금토끼부동산 위치 : 7호선 남성역 2번출구에서 직진 도보2분
♣ 매물 보기, 상담 신청 : https://goldenrabbit.biz
-------------------------------------------------------------
본 매물은 공인중개사법 제18조 제2·3항에 따라
최초 게시 시 실매물임을 확인하였으나,
현재 시점에서는 거래 완료 등 정보가 변경되었을 수 있습니다.",https://drive.google.com/open?id=1DgOKRMQ0EhAk0dLdxPR_uzVNh76pYo4H&usp=drive_fs,https://map.kakao.com/link/search/금천구가산동151-52,KakaoTalk_20250605_144612593.jpg (https://v5.airtableusercontent.com/v3/u/45/45/1758024000000/YZpstRUBKCI-8QuN5xai5A/WwFn4lvBKkkdfhMB5GNrA3iI1H5pcHrl0ai56etYd-SJ8L55Ri4p8jQSAXZtjU3KXnXfsY_LG-C-ZYJOiSyW9b-ChVT8LsctXPFF6k_vMk2DKG3tc2WNZmfdM3AqRh4LQpQToIYfYkJy9h-7vpM8cJHV2aVlMf_L4fFp3PNDfa3zUzMUa_uBjzaBAf-7LnMl/_JNyPWAiuox9A2obqJYInlqVv2tnhATvmfCSg2ekQo8),
동작구 상도동 17-51,132.00,308.82,제2종일반주거지역,철근콘크리트구조,단독주택,-1/4,0/1/0,0,2018-02-27,상도역,458,175000,17500,1075,157500,8.2,"↑ 위 매물번호를 알려주시면 빠른 상담가능합니다 ↑
-----------------------------------------------------------
♣ 금토끼공인중개사사무소 TEL. 02.3471.7377
금토끼부동산과 함께 안전하고 행복한 부자되세요.
-----------------------------------------------------------
* 상세정보 *
- 7호선 상도역 도보 7분 고수익률 원룸건물 매매
- 중앙대, 숭실대 등 대학생 수요와 7호선 강남 직장인 수요 넘치는 곳
- 아파트단지로 둘러싸여 생활편의성과 거주 환경 탁월
- 단순 수익률 계산시 8% 이상
- 매매금액 : 17억 5000만원
- 임대내역 : 보증금 1억 7500만원/월세 1075만원 (관리비포함)
- 건물현황 : 지층 ~ 3층 각 원룸 5호, 4층 원룸 2호, 총 원룸 22개
- 대지면적 : 132㎡(약40평) / 연면적 : 308.82㎡(약93.6평)
- 층수 : 지하1층/지상4층
- 주차 : 0대
- 승강기 : 없음
- 방향 : 동향 (주출입구 기준, 호실별 상이함)
- 주용도 : 단독주택
- 용도지역 : 제2종일반주거지역
- 위반건축물 : X
- 사용승인일 : 2018-02-27
-------------------------------------------------------------
♣ 금토끼부동산은
- 고객 니즈에 맞는 친절하고 자세한 상담드립니다.
- 실제매물, 현장사진으로 확인매물로만 알려드립니다.
- 정확한 권리분석과 고객님의 자산안전에 중점을 두고 중개합니다.
♣ 금토끼부동산 위치 : 7호선 남성역 2번출구에서 직진 도보2분
♣ 매물 보기, 상담 신청 : https://goldenrabbit.biz
-------------------------------------------------------------
본 매물은 공인중개사법 제18조 제2·3항에 따라
최초 게시 시 실매물임을 확인하였으나,
현재 시점에서는 거래 완료 등 정보가 변경되었을 수 있습니다.",https://drive.google.com/open?id=1EwHgwsYG1BpWDey6q7-qSLdTI0SND4SH&usp=drive_fs,https://map.kakao.com/link/search/동작구상도동17-51,KakaoTalk_20250527_143317195_03.jpg (https://v5.airtableusercontent.com/v3/u/45/45/1758024000000/4P4Q2ATPhsz8DFOj2tD4_Q/ZWoRrbXRlTo_Fpjl9INggOj3N5Sf9LhxB6iqbfTisQnCDAi-2apnXDB6VEWohu16PkXgaHDBOyydtgWGIBlMQSJi6D1qBqFLF5h1CUT7Ip5e8hpVUgQ-O-X7D_gqDUzZI5gK2H5yL-mxfUxNS24ftREyNk7t3L-XShhKo_vtVfvBy0tnWJL0dZlNBdEUeOFI/jsGLZw-g08Xnuk2qix3SlHVOP5yQLn6f3pVEiuW5_mk),
관악구 신림동 94-170,175.00,317.39,제1종일반주거지역,철근콘크리트구조,단독주택,-1/3,0/1/0,2,2019-05-20,서원역,520,185000,37500,980,147500,8.0,"↑ 위 매물번호를 알려주시면 빠른 상담가능합니다 ↑
-----------------------------------------------------------
♣ 금토끼공인중개사사무소 TEL. 02.3471.7377
금토끼부동산과 함께 안전하고 행복한 부자되세요.
-----------------------------------------------------------
* 상세정보 *
- 주인세대 있어 거주하면서 관리하기 좋은 수익형 분리형 원룸건물매매
- 신림선 서원역 도보6분 공실없이 관리하기 좋은 준신축 건물
- 매매금액 : 18억 5000만원
- 임대내역 : 보증금 3억 7500만원/월세 980만원 (관리비포함)
- 건물현황 : 지1~2층  원룸 15호, 3층 주인세대 방3/화2, 옥탑 원룸5호 (총 원룸 20, 3룸 1)
- 대지면적 : 175㎡(약53평) / 연면적 : 317.39㎡(약96.2평)
- 층수 : 지하1층/지상3층
- 주차 : 2대
- 승강기 : 없음
- 방향 : 북동향 (주출입구 기준, 호실별 상이함)
- 주용도 : 단독주택
- 용도지역 : 제1종일반주거지역
- 위반건축물 : O
- 사용승인일 : 2019-05-20
-------------------------------------------------------------
♣ 금토끼부동산은
- 고객 니즈에 맞는 친절하고 자세한 상담드립니다.
- 실제매물, 현장사진으로 확인매물로만 알려드립니다.
- 정확한 권리분석과 고객님의 자산안전에 중점을 두고 중개합니다.
♣ 금토끼부동산 위치 : 7호선 남성역 2번출구에서 직진 도보2분
♣ 매물 보기, 상담 신청 : https://goldenrabbit.biz
-------------------------------------------------------------
본 매물은 공인중개사법 제18조 제2·3항에 따라
최초 게시 시 실매물임을 확인하였으나,
현재 시점에서는 거래 완료 등 정보가 변경되었을 수 있습니다.",https://drive.google.com/open?id=1M0JAbeH_C-EQB2zcb-j9BufizipvP16Z&usp=drive_fs,https://map.kakao.com/link/search/관악구신림동94-170,KakaoTalk_20240730_151038405_06.jpg (https://v5.airtableusercontent.com/v3/u/45/45/1758024000000/YmafEilE6nZ4ov89dKRPOQ/WgZJ2sVU54kOAx4fvskW7ffIFdWaMl0CsRFVJa-SaZN014Tud2tijYiCV6Y4odjYfF-rYimSaLZ2X9MeOh7fJiyvM9DvCnMx3FJ5epu-IxBR8VD9mzGtVwxiGUcIktzhfYvYP5ro-tjZ4q06_RP0hNAxwS1EGdjXkECAMRyjcUNh9Mr1mwk0gS8KYYr3y66H/UIj8Y9r4Lko3KNB4ofO9Ts9Fvbqa-GOq963xzAO5shY),
관악구 봉천동 1643-9,156.50,289.84,제2종일반주거지역,철근콘크리트구조,단독주택,-1/3,0/1/0,2,2007-05-03,낙성대역,498,140000,30000,720,110000,7.9,"↑ 위 매물번호를 알려주시면 빠른 상담가능합니다 ↑
-----------------------------------------------------------
♣ 금토끼공인중개사사무소 TEL. 02.3471.7377
금토끼부동산과 함께 안전하고 행복한 부자되세요.
-----------------------------------------------------------
* 상세정보 *
- 낙성대역 도보 7분 상권,교통편리한 남부순환로 인접 수익형 건물
- 근처 시장, 마트, 병원, 편리한 상권 발달로 임대 잘되는 지역
- 매매금액 : 14억 
- 임대내역 : 보증금 3억원/월세 720만원 (관리비포함)
- 건물현황 : 원룸 15호, 3층 주인세대 투룸
- 대지면적 : 156.5㎡(약47.4평) / 연면적 : 289.84㎡(약87.8평)
- 층수 : 지하1층/지상3층
- 주차 : 2대
- 승강기 : 없음
- 방향 : 남향 (주출입구 기준, 호실별 상이함)
- 주용도 : 단독주택
- 용도지역 : 제2종일반주거지역
- 위반건축물 : X
- 사용승인일 : 2007-05-03
-------------------------------------------------------------
♣ 금토끼부동산은
- 고객 니즈에 맞는 친절하고 자세한 상담드립니다.
- 실제매물, 현장사진으로 확인매물로만 알려드립니다.
- 정확한 권리분석과 고객님의 자산안전에 중점을 두고 중개합니다.
♣ 금토끼부동산 위치 : 7호선 남성역 2번출구에서 직진 도보2분
♣ 매물 보기, 상담 신청 : https://goldenrabbit.biz
-------------------------------------------------------------
본 매물은 공인중개사법 제18조 제2·3항에 따라
최초 게시 시 실매물임을 확인하였으나,
현재 시점에서는 거래 완료 등 정보가 변경되었을 수 있습니다.",https://drive.google.com/open?id=1mEUQMMIC7eY2RpXUFUMzydjHl2RPvT8x&usp=drive_fs,https://map.kakao.com/link/search/관악구봉천동1643-9,KakaoTalk_20250520_155225613_15.jpg (https://v5.airtableusercontent.com/v3/u/45/45/1758024000000/0IUSwBv5vYlJeAV9mmI6ww/6uCPT5rEyjd8Faxelg4BR0yyR2cDlofNcyACGc7GnMVM3xUin5awNVv34rmQaJUVoGTqRL_kL6tig6xWyFHhdOtdGF5gXm0iEzYHK5T7yzfan7B_H_T-Pk0K9rZK78qVEAFiPYoOm8RwgPFrd1E4Zqj3aVbZfbgH836Wsul_DtEoopdMorZg3f-RzHP9GeSv/asKMTKLVctR99TwTGO8ogcr84MIdLCpfN99pS0dlf5A),
관악구 신림동 1452-15,121.00,302.41,제2종일반주거지역,철근콘크리트구조,단독주택,-1/4,0/1/0,2,2025-05-21,신림역,819,230000,120500,719,109500,7.9,"↑ 위 매물번호를 알려주시면 빠른 상담가능합니다 ↑
-----------------------------------------------------------
♣ 금토끼공인중개사사무소 TEL. 02.3471.7377
금토끼부동산과 함께 안전하고 행복한 부자되세요.
-----------------------------------------------------------
* 상세정보 *
- 신림역 도보 12분 평지 고수익 신축원룸 건물 매매
- 신림동 별빛거리 가깝고 도림천 가까워 임차인 선호도 높은 지역
- 2025년 신축으로 향후 10년간 최상의 컨디션으로 임대 가능
- 매매금액 : 23억 
- 임대내역 : 보증금 12억 500만원/월세 719만원 (관리비포함)
- 건물현황 : 원룸 19호 (1호는 복층)
- 대지면적 : 121㎡(약36.7평) / 연면적 : 302.41㎡(약91.6평)
- 층수 : 지하1층/지상4층
- 주차 : 2대
- 승강기 : 없음
- 방향 : 남서향 (주출입구 기준, 호실별 상이함)
- 주용도 : 단독주택
- 용도지역 : 제2종일반주거지역
- 위반건축물 : X
- 사용승인일 : 2025-05-21
-------------------------------------------------------------
♣ 금토끼부동산은
- 고객 니즈에 맞는 친절하고 자세한 상담드립니다.
- 실제매물, 현장사진으로 확인매물로만 알려드립니다.
- 정확한 권리분석과 고객님의 자산안전에 중점을 두고 중개합니다.
♣ 금토끼부동산 위치 : 7호선 남성역 2번출구에서 직진 도보2분
♣ 매물 보기, 상담 신청 : https://goldenrabbit.biz
-------------------------------------------------------------
본 매물은 공인중개사법 제18조 제2·3항에 따라
최초 게시 시 실매물임을 확인하였으나,
현재 시점에서는 거래 완료 등 정보가 변경되었을 수 있습니다.",https://drive.google.com/open?id=1cdZqOPKYyW-03f5EdOMQNMjs3KvSL6IG&usp=drive_fs,https://map.kakao.com/link/search/관악구신림동1452-15,KakaoTalk_20250710_165627560_02.jpg (https://v5.airtableusercontent.com/v3/u/45/45/1758024000000/VjbsQfXr1xbG_oKMjE0qKg/7W_0sYtOEH12tZN1WD6v-o0KyI2CF4aV_ncBlooWYpIYYJCknGSs08hC1zYZ74Wv1A3-p5Jj_T1UfrhhbpO65eBSvrKDhb2jokOsWDCTXNKbP3PIrnDpISJoiP-c7Y_N2xYX00FXLDToce-Hkoj37GklwdPx01OwmqISmUUw-sfyODIEzuX3pw-ddpr3Y0-v/-e0JV1EUihbnfy1YnaMh4N6uA_7OjBnWMtiKNdNcISM),
관악구 신림동 234-47,252.00,755.38,제2종일반주거지역,철근콘크리트구조,제1종근린생활시설,-1/5,0/1/0,6,2001-09-05,관악산역,504,255000,62000,1200,193000,7.5,"↑ 위 매물번호를 알려주시면 빠른 상담가능합니다 ↑
-----------------------------------------------------------
♣ 금토끼공인중개사사무소 TEL. 02.3471.7377
금토끼부동산과 함께 안전하고 행복한 부자되세요.
-----------------------------------------------------------
* 상세정보 *
- 신림선 관악산역 도보 8분 학생수요 풍부한 원룸 건물 매매
- 평단가 3,300만원대 저렴한 근생원룸 주택
- 서울대학생 위주 세입자 구성
- 현재 월 수익 1200만원 이상, 관리에 따라 상향 가능
- 매매금액 : 25억 5000만원
- 임대내역 : 보증금 6억 2000만원/월세 1200만원 (관리비포함)
- 건물현황 : 지층~5층 원룸 45실
- 대지면적 : 252㎡(약76.4평) / 연면적 : 755.38㎡(약228.9평)
- 층수 : 지하1층/지상5층
- 주차 : 6대
- 승강기 : 없음
- 방향 : 남서향 (주출입구 기준, 호실별 상이함)
- 주용도 : 제1종근린생활시설
- 용도지역 : 제2종일반주거지역
- 위반건축물 : X
- 사용승인일 : 2001-09-05
-------------------------------------------------------------
♣ 금토끼부동산은
- 고객 니즈에 맞는 친절하고 자세한 상담드립니다.
- 실제매물, 현장사진으로 확인매물로만 알려드립니다.
- 정확한 권리분석과 고객님의 자산안전에 중점을 두고 중개합니다.
♣ 금토끼부동산 위치 : 7호선 남성역 2번출구에서 직진 도보2분
♣ 매물 보기, 상담 신청 : https://goldenrabbit.biz
-------------------------------------------------------------
본 매물은 공인중개사법 제18조 제2·3항에 따라
최초 게시 시 실매물임을 확인하였으나,
현재 시점에서는 거래 완료 등 정보가 변경되었을 수 있습니다.",https://drive.google.com/open?id=1cJPKYPbHVuaMTVAuRiQmQsLdcMq7b9FB&usp=drive_fs,https://map.kakao.com/link/search/관악구신림동234-47,001.jpg (https://v5.airtableusercontent.com/v3/u/45/45/1758024000000/DNEcFqsMYQk9NVqXPdTZcA/t-cU_sKjR1XXYGT6E7NndP8pHrJpPijvBpRGo5YPG5_O4EQIPhn95LmPIswR9Vk1jgngeJJnqUUHZHo-Z32VSL48E0iSM64ic7XTKDtQTOQHe7_6QKekySuNa_KWH_nVuCVzuFR_zGw3pWSVLGEHag/oLy9rToCCL_hXtQjKxVG_XIHN37MmEWT-pHseZv_KRk),
영등포구 대림동 1093-32,234.00,493.23,제2종일반주거지역,철근콘크리트구조,단독주택,-1/4,0/0/14,4,2018-03-09,구로디지털단지역,315,285000,157300,784,127700,7.4,"↑ 위 매물번호를 알려주시면 빠른 상담가능합니다 ↑
-----------------------------------------------------------
♣ 금토끼공인중개사사무소 TEL. 02.3471.7377
금토끼부동산과 함께 안전하고 행복한 부자되세요.
-----------------------------------------------------------
* 상세정보 *
- 구로디지털단지역 도보 4분 70평 넘는 대지 원룸건물 매매
- 수익률 7%넘는 7년차 건물
- 신안산선 수혜로 강남/여의도 접근성 뛰어난 입지
- 매매금액 : 28억 5000만원
- 임대내역 : 보증금 15억 7300만원/월세 784만원 (관리비포함)
- 건물현황 : 원룸 21호, 상가 2호
- 대지면적 : 234㎡(약70.9평) / 연면적 : 493.23㎡(약149.5평)
- 층수 : 지하1층/지상4층
- 주차 : 4대
- 승강기 : 없음
- 방향 : 남동향 (주출입구 기준, 호실별 상이함)
- 주용도 : 단독주택
- 용도지역 : 제2종일반주거지역
- 위반건축물 : O
- 사용승인일 : 2018-03-09
-------------------------------------------------------------
♣ 금토끼부동산은
- 고객 니즈에 맞는 친절하고 자세한 상담드립니다.
- 실제매물, 현장사진으로 확인매물로만 알려드립니다.
- 정확한 권리분석과 고객님의 자산안전에 중점을 두고 중개합니다.
♣ 금토끼부동산 위치 : 7호선 남성역 2번출구에서 직진 도보2분
♣ 매물 보기, 상담 신청 : https://goldenrabbit.biz
-------------------------------------------------------------
본 매물은 공인중개사법 제18조 제2·3항에 따라
최초 게시 시 실매물임을 확인하였으나,
현재 시점에서는 거래 완료 등 정보가 변경되었을 수 있습니다.",https://drive.google.com/open?id=12XlioW9k5HCsoYdlddV53eqXZKxoOkdi&usp=drive_fs,https://map.kakao.com/link/search/영등포구대림동1093-32,002.jpg (https://v5.airtableusercontent.com/v3/u/45/45/1758024000000/JdgK_CJKBmDpni7h4fASFA/HsUvyIhGghBnYUrCXEaQaDkMuOYUzjLrOYNB5r48O0PauJmKjuBXpdtYh3AzXN0ITct940RKdVyrUsgwMCzsV3R7f_eGgX1uuQ4VRk7GrkTFl567vgiAOIafBUnnEyOdR1Ht1IX7SjjEd7BdpKpV3w/QU2enTPDIYKMMuVg9WSkbc3HMH17UmRBJpjvEs4zrgQ),
관악구 신림동 1546-14,172.70,589.70,제2종일반주거지역,철근콘크리트구조,제2종근린생활시설,-1/5,0/0/0,4,2001-08-03,서울대벤처타운역,531,230000,,1400,230000,7.3,"↑ 위 매물번호를 알려주시면 빠른 상담가능합니다 ↑
-----------------------------------------------------------
♣ 금토끼공인중개사사무소 TEL. 02.3471.7377
금토끼부동산과 함께 안전하고 행복한 부자되세요.
-----------------------------------------------------------
* 상세정보 *
- 서울대벤처타운역 도보 10분 내 고수익률 근생고시원 매매
- 임대수요 많은 대학동 고시촌 중심부 위치
- 대학동 평지에 위치하여 이동 및 거주환경 우수
- 7% 넘는 수익률
- 매매금액 : 23억 
- 임대내역 : 월세 1400만원 (관리비포함)
- 건물현황 : 원룸 36호
- 대지면적 : 172.7㎡(약52.3평) / 연면적 : 589.7㎡(약178.7평)
- 층수 : 지하1층/지상5층
- 주차 : 4대
- 승강기 : 없음
- 방향 : 북향 (주출입구 기준, 호실별 상이함)
- 주용도 : 제2종근린생활시설
- 용도지역 : 제2종일반주거지역
- 위반건축물 : X
- 사용승인일 : 2001-08-03
-------------------------------------------------------------
♣ 금토끼부동산은
- 고객 니즈에 맞는 친절하고 자세한 상담드립니다.
- 실제매물, 현장사진으로 확인매물로만 알려드립니다.
- 정확한 권리분석과 고객님의 자산안전에 중점을 두고 중개합니다.
♣ 금토끼부동산 위치 : 7호선 남성역 2번출구에서 직진 도보2분
♣ 매물 보기, 상담 신청 : https://goldenrabbit.biz
-------------------------------------------------------------
본 매물은 공인중개사법 제18조 제2·3항에 따라
최초 게시 시 실매물임을 확인하였으나,
현재 시점에서는 거래 완료 등 정보가 변경되었을 수 있습니다.",https://drive.google.com/open?id=1Yjd9MetHA5MPq2DSHmNoiqQ7IS7XwFW7&usp=drive_fs,https://map.kakao.com/link/search/관악구신림동1546-14,KakaoTalk_20250605_161051859_01.jpg (https://v5.airtableusercontent.com/v3/u/45/45/1758024000000/NMvRY0gqj4EcHOLQe2lqgQ/h6Qs3vFUttsE4manp5fxIY7hOdwXvH4ErWvz5FQraYp2d1iwfPMBNpRSlyOyeww6gNxF7oZcjQGqGdLDRET5siRGCJOXVl7Qs5G4ehRHijl0eYHidBRKvL_I2RKgXNo7M925Eu_xp-CiuZVljlpqCqzqDzYBdfu_chTH4x816xCVP0VgMLN9L-xA9e_iyIKN/d2U2sAT0L2drHOXUfMUfgwj4u9q9uioRH82k0GLAAfg),
동작구 사당동 314-22,208.00,415.74,제2종일반주거지역,철근콘크리트구조,단독주택,-0/5,0/1/0,3,2022-01-17,남성역,543,430000,162000,1606,268000,7.2,"↑ 위 매물번호를 알려주시면 빠른 상담가능합니다 ↑
-----------------------------------------------------------
♣ 금토끼공인중개사사무소 TEL. 02.3471.7377
금토끼부동산과 함께 안전하고 행복한 부자되세요.
-----------------------------------------------------------
* 상세정보 *
- 베란다 엘베 있고 넓은 주인세대 있는 고수익률 원룸 건물
- 7호선 남성역 도보 8분 3년차된 신축 건물
- 거주와 수익을 동시에 누릴 수 있는 최고의 매물
- 매매금액 : 43억 
- 임대내역 : 보증금 16억 2000만원/월세 1606만원 (관리비포함)
- 건물현황 : 원룸 15, 1.5룸 7, 주인세대 방4,화2(복층, 넓음테라스)
- 대지면적 : 208㎡(약63평) / 연면적 : 415.74㎡(약126평)
- 층수 : 지상5층
- 주차 : 3대
- 승강기 : 有
- 방향 : 북동향 (주출입구 기준, 호실별 상이함)
- 주용도 : 단독주택
- 용도지역 : 제2종일반주거지역
- 위반건축물 : X
- 사용승인일 : 2022-01-17
-------------------------------------------------------------
♣ 금토끼부동산은
- 고객 니즈에 맞는 친절하고 자세한 상담드립니다.
- 실제매물, 현장사진으로 확인매물로만 알려드립니다.
- 정확한 권리분석과 고객님의 자산안전에 중점을 두고 중개합니다.
♣ 금토끼부동산 위치 : 7호선 남성역 2번출구에서 직진 도보2분
♣ 매물 보기, 상담 신청 : https://goldenrabbit.biz
-------------------------------------------------------------
본 매물은 공인중개사법 제18조 제2·3항에 따라
최초 게시 시 실매물임을 확인하였으나,
현재 시점에서는 거래 완료 등 정보가 변경되었을 수 있습니다.",https://drive.google.com/open?id=1ExI29iygz8fAB3PbEQL55Ui2ocxtaJru&usp=drive_fs,https://map.kakao.com/link/search/동작구사당동314-22,20241003_102058.jpg (https://v5.airtableusercontent.com/v3/u/45/45/1758024000000/zj9paq70zM75r5ZgYLyD7g/HJdumjQbDI3H0nQEipLA4ezK-cU8iPLHlHRfKJoOOFkBW8yG869zYh8bQARJvxPMlsjE4Q9YK8j716Y1Dwklfs_JpzCCR4in7-SjwdrRuGBhQH7KzlbenU-cpcvdeHwdSt5NAthqHPxf0ZjrLXF3x45ZDlTRv6HbjEKViQd7T5o/uUYhBJ1fNEEWaw7Y06TLk4hUyjQNK_o9AMgPWGksVvE),
동작구 사당동 219-6,212.00,396.98,제3종일반주거지역,철근콘크리트구조,단독주택,-1/4,0/1/0,3,2019-09-20,남성역,272,330000,179300,899,150700,7.2,"↑ 위 매물번호를 알려주시면 빠른 상담가능합니다 ↑
-----------------------------------------------------------
♣ 금토끼공인중개사사무소 TEL. 02.3471.7377
금토끼부동산과 함께 안전하고 행복한 부자되세요.
-----------------------------------------------------------
* 상세정보 *
- 남성역 초역세권 대지넓은 고수익률 건물 매매
- 7호선 남성역 도보 4분 직장인 학생 수요 많은 지역
- 실투자금 15억원 대로 7% 이상 고수익률 건물
- 매매금액 : 33억 
- 임대내역 : 보증금 17억 9300만원/월세 899만원 (관리비포함)
- 건물현황 : 반지층 원룸4호, 1층 원룸 5호, 2층~4층 원룸 6호씩
5층 원룸1호/투룸1호
- 대지면적 : 212㎡(약64.2평) / 연면적 : 396.98㎡(약120.3평)
- 층수 : 지하1층/지상4층
- 주차 : 3대
- 승강기 : 有
- 방향 : 서향 (주출입구 기준, 호실별 상이함)
- 주용도 : 단독주택
- 용도지역 : 제3종일반주거지역
- 위반건축물 : X
- 사용승인일 : 2019-09-20
-------------------------------------------------------------
♣ 금토끼부동산은
- 고객 니즈에 맞는 친절하고 자세한 상담드립니다.
- 실제매물, 현장사진으로 확인매물로만 알려드립니다.
- 정확한 권리분석과 고객님의 자산안전에 중점을 두고 중개합니다.
♣ 금토끼부동산 위치 : 7호선 남성역 2번출구에서 직진 도보2분
♣ 매물 보기, 상담 신청 : https://goldenrabbit.biz
-------------------------------------------------------------
본 매물은 공인중개사법 제18조 제2·3항에 따라
최초 게시 시 실매물임을 확인하였으나,
현재 시점에서는 거래 완료 등 정보가 변경되었을 수 있습니다.",https://drive.google.com/open?id=1Ihdv1XmlrZBwfCbx5mBHBYj1Wmxl55mR&usp=drive_fs,https://map.kakao.com/link/search/동작구사당동219-6,20250412_153200.jpg (https://v5.airtableusercontent.com/v3/u/45/45/1758024000000/M5w40KAlcktUnlL0aEoGAw/pRa0z0p6X1S2PhBUEHX46vHCBxUky5GRz5Z9PJLl-RSuca-3z8Dd_1F4j6bEXBs_U2X6CNSOa-JOE5lbi2UPuvcEA2O5R92oKGxAdXaCg2tezhnWAjC-PI5XoOW0UiVavsEaRUKWSEbtTpX7B9Kgunmc4WARULgM9MW64ifdX1U/UlPs751yFxbjJwda9ixcOc528NATdSqnFgZsEjdrCHY),
관악구 봉천동 908-22,122.00,199.43,제2종일반주거지역,철근콘크리트구조,단독주택,-1/3,0/1/0,1,2020-03-04,봉천역,429,165000,78200,521,86800,7.2,"↑ 위 매물번호를 알려주시면 빠른 상담가능합니다 ↑
-----------------------------------------------------------
♣ 금토끼공인중개사사무소 TEL. 02.3471.7377
금토끼부동산과 함께 안전하고 행복한 부자되세요.
-----------------------------------------------------------
* 상세정보 *
- 봉천역 도보 7분 고수익 준신축 원룸 건물 매매
- 7%이상 고수익률 원룸 건물
- 위반 없고 임대 잘 나가는 건축 5년된 건물
- 매매금액 : 16억 5000만원
- 임대내역 : 보증금 7억 8200만원/월세 521만원 (관리비포함)
- 건물현황 : 원룸 11, 1.5룸 1, 주인세대 투룸(+ 옥탑 원룸 단독 사용)
- 대지면적 : 122㎡(약37평) / 연면적 : 199.43㎡(약60.4평)
- 층수 : 지하1층/지상3층
- 주차 : 1대
- 승강기 : 없음
- 방향 : 남향 (주출입구 기준, 호실별 상이함)
- 주용도 : 단독주택
- 용도지역 : 제2종일반주거지역
- 위반건축물 : X
- 사용승인일 : 2020-03-04
-------------------------------------------------------------
♣ 금토끼부동산은
- 고객 니즈에 맞는 친절하고 자세한 상담드립니다.
- 실제매물, 현장사진으로 확인매물로만 알려드립니다.
- 정확한 권리분석과 고객님의 자산안전에 중점을 두고 중개합니다.
♣ 금토끼부동산 위치 : 7호선 남성역 2번출구에서 직진 도보2분
♣ 매물 보기, 상담 신청 : https://goldenrabbit.biz
-------------------------------------------------------------
본 매물은 공인중개사법 제18조 제2·3항에 따라
최초 게시 시 실매물임을 확인하였으나,
현재 시점에서는 거래 완료 등 정보가 변경되었을 수 있습니다.",https://drive.google.com/open?id=13IOT5jyRPMsZGCNdcQKNnkVkyI35iTGj&usp=drive_fs,https://map.kakao.com/link/search/관악구봉천동908-22,KakaoTalk_20250910_153210289_02.jpg (https://v5.airtableusercontent.com/v3/u/45/45/1758024000000/x6qhUhlBLcIRceIL6HJtSw/6joRyTl3N53YHx4B83QNRfVio-wZMs1JhxHEs6v5r3PvrRFhNVrtHYgDLf04wjNUZSbrKOzw6Vtd7f4Ss20KkZOVGDcQ1ThCi1Br3QuMbTFXCnFcQlVJpZMkncjdqYfM2d2a858OSdbizw5W2UE8Q6SXz7guEOasF4eflC5p_tGk4b-8xixUKf__6EKjHAsw/bNI93I_Nnr9_VdPZBAS_X3clQ4HUWnTOtdgktzazAks),
관악구 봉천동 100-48,169.00,299.46,제2종일반주거지역,철근콘크리트구조,단독주택,-1/3,0/1/0,2,2015-10-15,서울대입구역,748,190000,70000,700,120000,7.0,"↑ 위 매물번호를 알려주시면 빠른 상담가능합니다 ↑
-----------------------------------------------------------
♣ 금토끼공인중개사사무소 TEL. 02.3471.7377
금토끼부동산과 함께 안전하고 행복한 부자되세요.
-----------------------------------------------------------
* 상세정보 *
- 서울대입구역 도보 15분 높은수익률 준신축 원룸건물 매매
- 주인세대 있어 거주하면서 관리하기 용이
- 조용한 주택가 초중교 가까워 거주환경 우수한 위치
- 매매금액 : 19억 
- 임대내역 : 보증금 7억원/월세 700만원 (관리비포함)
- 건물현황 : 원룸 4, 투룸 6, 주인세대 방3/화2
- 대지면적 : 169㎡(약51.2평) / 연면적 : 299.46㎡(약90.7평)
- 층수 : 지하1층/지상3층
- 주차 : 2대
- 승강기 : 없음
- 방향 : 남동향 (주출입구 기준, 호실별 상이함)
- 주용도 : 단독주택
- 용도지역 : 제2종일반주거지역
- 위반건축물 : X
- 사용승인일 : 2015-10-15
-------------------------------------------------------------
♣ 금토끼부동산은
- 고객 니즈에 맞는 친절하고 자세한 상담드립니다.
- 실제매물, 현장사진으로 확인매물로만 알려드립니다.
- 정확한 권리분석과 고객님의 자산안전에 중점을 두고 중개합니다.
♣ 금토끼부동산 위치 : 7호선 남성역 2번출구에서 직진 도보2분
♣ 매물 보기, 상담 신청 : https://goldenrabbit.biz
-------------------------------------------------------------
본 매물은 공인중개사법 제18조 제2·3항에 따라
최초 게시 시 실매물임을 확인하였으나,
현재 시점에서는 거래 완료 등 정보가 변경되었을 수 있습니다.",https://drive.google.com/open?id=1MEnInnGHaWWMI8vBFufTXOZPkCLEzuXp&usp=drive_fs,https://map.kakao.com/link/search/관악구봉천동100-48,KakaoTalk_20250722_150436671_01.jpg (https://v5.airtableusercontent.com/v3/u/45/45/1758024000000/4jJBlCL4ceJzQsabR3UgRQ/nVMYkx_ePPs8mujCWoJ3-7qcztC9hJWSLMj20TBoU_zGAWoFuTg7MyuNsE7sqUbABSZ5hMxYtHNteJk7kublqgeunBtl2cuDGCSQkp65RT8pQOWndIw9zNTWeuNUWSjbhmLD-oZ-AEeJSTg8U_Wck1mpyoNbwQkwEWg1UbhavPkJB_OFnFtk5l54VBAl6q7m/5vZpYGMpbfy1le2kAYt6XwHc_35toyDCfV9iHSeOlIs),
관악구 봉천동 100-207,162.00,329.92,제2종일반주거지역,철근콘크리트구조,단독주택,-1/3,0/1/0,2,2009-12-07,낙성대역,758,140000,73000,378,67000,6.8,"↑ 위 매물번호를 알려주시면 빠른 상담가능합니다 ↑
-----------------------------------------------------------
♣ 금토끼공인중개사사무소 TEL. 02.3471.7377
금토끼부동산과 함께 안전하고 행복한 부자되세요.
-----------------------------------------------------------
* 상세정보 *
- 2호선 낙성대역 도보 13분 감정가 이하 수익형 건물 매매
- 다양한 유형의 원룸 형태 6% 이상 수익률
- 매매금액 : 14억 
- 임대내역 : 보증금 7억 3000만원/월세 378만원 (관리비포함)
- 건물현황 : 원룸 18호
- 대지면적 : 162㎡(약49.1평) / 연면적 : 329.92㎡(약100평)
- 층수 : 지하1층/지상3층
- 주차 : 2대
- 승강기 : 없음
- 방향 : 남동향 (주출입구 기준, 호실별 상이함)
- 주용도 : 단독주택
- 용도지역 : 제2종일반주거지역
- 위반건축물 : X
- 사용승인일 : 2009-12-07
-------------------------------------------------------------
♣ 금토끼부동산은
- 고객 니즈에 맞는 친절하고 자세한 상담드립니다.
- 실제매물, 현장사진으로 확인매물로만 알려드립니다.
- 정확한 권리분석과 고객님의 자산안전에 중점을 두고 중개합니다.
♣ 금토끼부동산 위치 : 7호선 남성역 2번출구에서 직진 도보2분
♣ 매물 보기, 상담 신청 : https://goldenrabbit.biz
-------------------------------------------------------------
본 매물은 공인중개사법 제18조 제2·3항에 따라
최초 게시 시 실매물임을 확인하였으나,
현재 시점에서는 거래 완료 등 정보가 변경되었을 수 있습니다.",https://drive.google.com/open?id=1fTxphVjUdWz9HIpzNcZs8ExhoZlAQGRo&usp=drive_fs,https://map.kakao.com/link/search/관악구봉천동100-207,KakaoTalk_20250724_144532873_01.jpg (https://v5.airtableusercontent.com/v3/u/45/45/1758024000000/d-NGtJrHZ71mBvNf9OFMgg/4j88UTAIk9AyZnzRgJ4obDI2aNIV-ydEwdzAEMdxeyOdwMbZwTYuNMOQZVse8h-ndwss8i8FlkbBiV10ryPM4bTFGSL96YCWA6EORY2odV90Enf4XLSqrZmqVYKPTupYkCJhGYXiAWyIhYJgV-Nv_26nCnB0CtOqkqfdkVeC7o_dlGxtryygQnHbx7Femwre/qtRwRlZCFgic-GRNX6SGfJdPwV7mC2JKrDNMnsgc4mU),
동작구 상도1동 325-4,244.00,589.44,제2종일반주거지역,철근콘크리트구조,제2종근린생활시설,-1/4,0/0/0,4,2008-08-12,상도역,518,280000,29700,1400,250300,6.7,"↑ 위 매물번호를 알려주시면 빠른 상담가능합니다 ↑
-----------------------------------------------------------
♣ 금토끼공인중개사사무소 TEL. 02.3471.7377
금토끼부동산과 함께 안전하고 행복한 부자되세요.
-----------------------------------------------------------
* 상세정보 *
- 약 1400만원 월세 받는 올근생 건물
- 7호선 상도역 도보 8분 역세권 원룸건물
- 중앙대, 숭실대 등 대학생 수요와 7호선 강남 직장인 수요 넘치는 곳
- 매매금액 : 28억 
- 임대내역 : 보증금 2억 9700만원/월세 1400만원 (관리비포함)
- 건물현황 : 원룸 34실
- 대지면적 : 244㎡(약73.9평) / 연면적 : 589.44㎡(약178.6평)
- 층수 : 지하1층/지상4층
- 주차 : 4대
- 승강기 : 없음
- 방향 : 동향 (주출입구 기준, 호실별 상이함)
- 주용도 : 제2종근린생활시설
- 용도지역 : 제2종일반주거지역
- 위반건축물 : X
- 사용승인일 : 2008-08-12
-------------------------------------------------------------
♣ 금토끼부동산은
- 고객 니즈에 맞는 친절하고 자세한 상담드립니다.
- 실제매물, 현장사진으로 확인매물로만 알려드립니다.
- 정확한 권리분석과 고객님의 자산안전에 중점을 두고 중개합니다.
♣ 금토끼부동산 위치 : 7호선 남성역 2번출구에서 직진 도보2분
♣ 매물 보기, 상담 신청 : https://goldenrabbit.biz
-------------------------------------------------------------
본 매물은 공인중개사법 제18조 제2·3항에 따라
최초 게시 시 실매물임을 확인하였으나,
현재 시점에서는 거래 완료 등 정보가 변경되었을 수 있습니다.",https://drive.google.com/open?id=1HnIiGmtw_HqK9uyUOkwSuKPU9BJ2jH0c&usp=drive_fs,https://map.kakao.com/link/search/동작구상도1동325-4,KakaoTalk_20250527_141742740_01.jpg (https://v5.airtableusercontent.com/v3/u/45/45/1758024000000/YPKBEqiVU29nxBG8SwPRLQ/5QW16EF-BslwZ0VM4EHZPrq84uM1x5AJhDw6H7PqOE69LPfHlgUktohgfC1pPnIb_2IWQeL0YqKRA119E-Z87Qmkl8gLsdWrTZ8tTPFvdJvDTqoIPk62pTYeIN-xm4uGwZNFR-zFgDJRZdTsfO24nyL32oq93pmcJMq8EVi_eYQF4kR7_utFS1hDaKA4Thzx/xldfUkgNGqsWPzg5Qdp-zj3q6t0yFrS0jflwDs5dBbo),
관악구 신림동 1436-18,169.90,499.59,준주거지역,철근콘크리트구조,제2종근린생활시설,-1/8,0/1/0,4,2018-11-29,신림역,385,360000,160000,1100,200000,6.6,"↑ 위 매물번호를 알려주시면 빠른 상담가능합니다 ↑
-----------------------------------------------------------
♣ 금토끼공인중개사사무소 TEL. 02.3471.7377
금토끼부동산과 함께 안전하고 행복한 부자되세요.
-----------------------------------------------------------
* 상세정보 *
- 신림역 도보 5분 역세권 원룸 건물 매매
- 준주거지역 엘베있는 7년차 준신축 건물
- 수익률 6%이상
- 매매금액 : 36억 
- 임대내역 : 보증금 16억원/월세 1100만원 (관리비포함)
- 건물현황 : 원룸 28개
- 대지면적 : 169.9㎡(약51.5평) / 연면적 : 499.59㎡(약151.4평)
- 층수 : 지하1층/지상8층
- 주차 : 4대
- 승강기 : 有
- 방향 : 남서향 (주출입구 기준, 호실별 상이함)
- 주용도 : 제2종근린생활시설
- 용도지역 : 준주거지역
- 위반건축물 : X
- 사용승인일 : 2018-11-29
-------------------------------------------------------------
♣ 금토끼부동산은
- 고객 니즈에 맞는 친절하고 자세한 상담드립니다.
- 실제매물, 현장사진으로 확인매물로만 알려드립니다.
- 정확한 권리분석과 고객님의 자산안전에 중점을 두고 중개합니다.
♣ 금토끼부동산 위치 : 7호선 남성역 2번출구에서 직진 도보2분
♣ 매물 보기, 상담 신청 : https://goldenrabbit.biz
-------------------------------------------------------------
본 매물은 공인중개사법 제18조 제2·3항에 따라
최초 게시 시 실매물임을 확인하였으나,
현재 시점에서는 거래 완료 등 정보가 변경되었을 수 있습니다.",https://drive.google.com/open?id=1VGofB-slCIVWtvvLASNgNZ6mnQw44Nl6&usp=drive_fs,https://map.kakao.com/link/search/관악구신림동1436-18,KakaoTalk_20250528_164529739_01.jpg (https://v5.airtableusercontent.com/v3/u/45/45/1758024000000/kYitVOC0DuaVckz-b1z05g/OJl_QElzszb05nrxoDnpgIQmNd_8Rl0MAz_KSRFZ8fRQ586HnAm2Ue4bxY4FhKDCmU7HP5d_T4k9N7yCy7YJ6ExXJYUreNu_Ccr80sxSmhtjAutF5BgU12_hA8rgjf04B7nihgTc1_6l6OUV2xJfp0uzUNOaEVIXUHX4NjEoZpSeuzV4grwul4t9OsQrd04Z/L9943V6gZleKsD7Vc3335IbjyNX_-nO3YBX4BiRs36g),
동작구 사당동 1025-41,120.40,284.49,제2종일반주거지역,철근콘크리트구조,단독주택,-1/3,0/1/0,2,2016-02-05,사당역,610,220000,105700,617,114300,6.5,"↑ 위 매물번호를 알려주시면 빠른 상담가능합니다 ↑
-----------------------------------------------------------
♣ 금토끼공인중개사사무소 TEL. 02.3471.7377
금토끼부동산과 함께 안전하고 행복한 부자되세요.
-----------------------------------------------------------
* 상세정보 *
- 사당역 도보 약 9분 조용한 주택가 원룸 건물 매매
- 2/4호선 사당역 역세권으로 직장인 임대 수요 넘치는 지역
- 4/7호선 이수역도 10분 이내 이동 가능하여 강남접근성 매우 우수
- 매매금액 : 22억 
- 임대내역 : 보증금 10억 5700만원/월세 617만원 (관리비포함)
- 건물현황 : 원룸 20호 (4층 복층)
- 대지면적 : 120.4㎡(약36.5평) / 연면적 : 284.49㎡(약86.2평)
- 층수 : 지하1층/지상3층
- 주차 : 2대
- 승강기 : 없음
- 방향 : 서향 (주출입구 기준, 호실별 상이함)
- 주용도 : 단독주택
- 용도지역 : 제2종일반주거지역
- 위반건축물 : X
- 사용승인일 : 2016-02-05
-------------------------------------------------------------
♣ 금토끼부동산은
- 고객 니즈에 맞는 친절하고 자세한 상담드립니다.
- 실제매물, 현장사진으로 확인매물로만 알려드립니다.
- 정확한 권리분석과 고객님의 자산안전에 중점을 두고 중개합니다.
♣ 금토끼부동산 위치 : 7호선 남성역 2번출구에서 직진 도보2분
♣ 매물 보기, 상담 신청 : https://goldenrabbit.biz
-------------------------------------------------------------
본 매물은 공인중개사법 제18조 제2·3항에 따라
최초 게시 시 실매물임을 확인하였으나,
현재 시점에서는 거래 완료 등 정보가 변경되었을 수 있습니다.",https://drive.google.com/open?id=1Bvf90YPTSenyIMAdyvT_b41ok-BVFclB&usp=drive_fs,https://map.kakao.com/link/search/동작구사당동1025-41,20241003_093615.jpg (https://v5.airtableusercontent.com/v3/u/45/45/1758024000000/NAzNqjcr0ytWX0-283HWKQ/SsIR0ojv1A2Df9qFptRFCWKXQukhKggYxvzH5U0PNOx9eg1UiSCiVTB-4unKYJMjEsCLg2ju3HCcH5wD58lG3i_YlF6o8LtfohcI_gNQW_0iC7Lk7rcZnN0hOr5yBtg_HY_Zn9wjB7V48wZI2wv6rlsiYd3DvbAwiMNGoyc4IR0/nFfuvogMXFQYsJ6GO7V9AIAi5ifYkAAlaXALjLj0tR0),
관악구 봉천동 1513-4,169.30,538.98,제2종일반주거지역,철근콘크리트구조,제2종근린생활시설,-2/4,0/1/0,4,2010-03-02,서울대입구역,551,260000,26000,1269,234000,6.5,"↑ 위 매물번호를 알려주시면 빠른 상담가능합니다 ↑
-----------------------------------------------------------
♣ 금토끼공인중개사사무소 TEL. 02.3471.7377
금토끼부동산과 함께 안전하고 행복한 부자되세요.
-----------------------------------------------------------
* 상세정보 *
- 서울대입구역 도보 10분 엘베있는 고수익률 고시원건물 매매
- 6%이상 수익률 주인세대 만기(26.10월) 후 거주하면서 관리 가능
- 매매금액 : 26억 
- 임대내역 : 보증금 2억 6000만원/월세 1269만원 (관리비포함)
- 건물현황 : 원룸 21호, 주인세대 방3/화2
- 대지면적 : 169.3㎡(약51.3평) / 연면적 : 538.98㎡(약163.3평)
- 층수 : 지하2층/지상4층
- 주차 : 4대
- 승강기 : 有
- 방향 : 남향 (주출입구 기준, 호실별 상이함)
- 주용도 : 제2종근린생활시설
- 용도지역 : 제2종일반주거지역
- 위반건축물 : X
- 사용승인일 : 2010-03-02
-------------------------------------------------------------
♣ 금토끼부동산은
- 고객 니즈에 맞는 친절하고 자세한 상담드립니다.
- 실제매물, 현장사진으로 확인매물로만 알려드립니다.
- 정확한 권리분석과 고객님의 자산안전에 중점을 두고 중개합니다.
♣ 금토끼부동산 위치 : 7호선 남성역 2번출구에서 직진 도보2분
♣ 매물 보기, 상담 신청 : https://goldenrabbit.biz
-------------------------------------------------------------
본 매물은 공인중개사법 제18조 제2·3항에 따라
최초 게시 시 실매물임을 확인하였으나,
현재 시점에서는 거래 완료 등 정보가 변경되었을 수 있습니다.",https://drive.google.com/open?id=1fQ1V6nl-bpJADFIMq-RkN-ihBFnLrQ2o&usp=drive_fs,https://map.kakao.com/link/search/관악구봉천동1513-4,KakaoTalk_20250910_152742926_01.jpg (https://v5.airtableusercontent.com/v3/u/45/45/1758024000000/cAEUkDeiL3P4YQbFlKQG7g/6P62Rsn8CRBqnb3ebbPYAITbSt4RyZqw8RvW8Zt11r9p5Py49BH38evRmfnL_GG1bDygsv0IP8qWBHR3lOY9vQK4-Cq9ZtoeHrodDVXvFoGtFNDU5EFPVy24efQWUEm9OfqKN-K1JBt-wb6B6X2i8raRZcPdouK6uzswEJkxklvrEDJn3tw17TATRsDY6U-i/S9ohYHtWEmhF0BRDGylKOUW5vktdxqXQtxQ2kydUSl4),
동작구 상도동 294-4,126.00,291.66,제2종일반주거지역,철근콘크리트구조,단독주택,-1/4,0/1/0,2,2022-11-09,신대방삼거리역,635,210000,153900,300,56100,6.4,"↑ 위 매물번호를 알려주시면 빠른 상담가능합니다 ↑
-----------------------------------------------------------
♣ 금토끼공인중개사사무소 TEL. 02.3471.7377
금토끼부동산과 함께 안전하고 행복한 부자되세요.
-----------------------------------------------------------
* 상세정보 *
- 7호선 신대방삼거리역 도보 9분 고수익률 원룸건물 매매
- 마을버스 정류장 바로 앞, 넓은 도로변으로 가시성 좋은 건물
- 1.5룸/원룸/복층형 등 다양한 구성으로 선호도 높은 구조
- 매매금액 : 21억 
- 임대내역 : 보증금 15억 3900만원/월세 300만원 (관리비포함)
- 건물현황 : 지층 원룸 1, 1.5룸 1, 1층 주인세대 1.5룸 1, 분리형 원룸 1, 2층/3층 각 원룸 1, 1.5룸 1, 4층 1.5룸 1, 복층 원룸 2
- 대지면적 : 126㎡(약38.2평) / 연면적 : 291.66㎡(약88.4평)
- 층수 : 지하1층/지상4층
- 주차 : 2대
- 승강기 : 없음
- 방향 : 북서향 (주출입구 기준, 호실별 상이함)
- 주용도 : 단독주택
- 용도지역 : 제2종일반주거지역
- 위반건축물 : O
- 사용승인일 : 2022-11-09
-------------------------------------------------------------
♣ 금토끼부동산은
- 고객 니즈에 맞는 친절하고 자세한 상담드립니다.
- 실제매물, 현장사진으로 확인매물로만 알려드립니다.
- 정확한 권리분석과 고객님의 자산안전에 중점을 두고 중개합니다.
♣ 금토끼부동산 위치 : 7호선 남성역 2번출구에서 직진 도보2분
♣ 매물 보기, 상담 신청 : https://goldenrabbit.biz
-------------------------------------------------------------
본 매물은 공인중개사법 제18조 제2·3항에 따라
최초 게시 시 실매물임을 확인하였으나,
현재 시점에서는 거래 완료 등 정보가 변경되었을 수 있습니다.",https://drive.google.com/open?id=1sgDCttMS9xh52CVtzCux9EecPkXo5Q8V&usp=drive_fs,https://map.kakao.com/link/search/동작구상도동294-4,KakaoTalk_20250527_150407326_01.jpg (https://v5.airtableusercontent.com/v3/u/45/45/1758024000000/DiUSTCs-wOCRVy2Rm0OC4g/wPC98abbDP4V7hCObxpIq9buqDPa-xmCu4iTqMKC2V6MUA7UfKsLd_rSnKv7MYdPqPpdaFFznneRpzIFafOqqs6zygtP6t24Y7gueLsyuIMz9YBKvHESvnIx5awLDJF8X29hFHXRAKLAMqRaPySqiuD08Mh49Fmh0Y_0Z0DHf0J-wxNeZGEQDmGqtqBszp9h/_Es8pnYmqnulp5zz059dJqBpAtjLpY42ohGgMHFBExI),
관악구 봉천동 1691-42,192.00,380.54,제2종일반주거지역,철근콘크리트구조,단독주택,-0/4,0/12/0,6,2015-12-24,낙성대역,392,270000,52000,1122,218000,6.2,"↑ 위 매물번호를 알려주시면 빠른 상담가능합니다 ↑
-----------------------------------------------------------
♣ 금토끼공인중개사사무소 TEL. 02.3471.7377
금토끼부동산과 함께 안전하고 행복한 부자되세요.
-----------------------------------------------------------
* 상세정보 *
- 낙성대역 도보 9분 거주여건 뛰어난 원룸 건물 매매
- 낙성대역, 사당역 모두 이용 가능한 위치
- 매매금액 : 27억 
- 임대내역 : 보증금 5억 2000만원/월세 1122만원 (관리비포함)
- 건물현황 : 1.5룸 13호, 분리형 원룸 4호, 일반 원룸 1호 (주인세대 없음)
- 대지면적 : 192㎡(약58.2평) / 연면적 : 380.54㎡(약115.3평)
- 층수 : 지상4층
- 주차 : 6대
- 승강기 : 없음
- 방향 : 남향 (주출입구 기준, 호실별 상이함)
- 주용도 : 단독주택
- 용도지역 : 제2종일반주거지역
- 위반건축물 : X
- 사용승인일 : 2015-12-24
-------------------------------------------------------------
♣ 금토끼부동산은
- 고객 니즈에 맞는 친절하고 자세한 상담드립니다.
- 실제매물, 현장사진으로 확인매물로만 알려드립니다.
- 정확한 권리분석과 고객님의 자산안전에 중점을 두고 중개합니다.
♣ 금토끼부동산 위치 : 7호선 남성역 2번출구에서 직진 도보2분
♣ 매물 보기, 상담 신청 : https://goldenrabbit.biz
-------------------------------------------------------------
본 매물은 공인중개사법 제18조 제2·3항에 따라
최초 게시 시 실매물임을 확인하였으나,
현재 시점에서는 거래 완료 등 정보가 변경되었을 수 있습니다.",https://drive.google.com/open?id=1w07ZtfXIH37f50HlxYxOhliUF8g17m_E&usp=drive_fs,https://map.kakao.com/link/search/관악구봉천동1691-42,20250401_173348.jpg (https://v5.airtableusercontent.com/v3/u/45/45/1758024000000/HJLpfVbgPQzJX8lOw8GrKQ/vyZqfuEH6nvQGFIk8WwR3mgg__ofpUVbm4zKCySAqPhFNsW3TCM5ufG9hR_BaL0UwPK-Kq9LUwXUNARx3Uga5ftkrJA_RhmpNLHzt1GqDQRTaygfzB2-HVe0q6LV6gfChyJSqxE5WfyxfgyjSiu-kw7tSWtdUKddmajDy1t3s5A/VvegMvRSJxxnZd9BCu6aU4X5LVq2TWFUaC6tt3q9lI4),
관악구 신림동 546-13,166.00,422.00,제2종일반주거지역,철근콘크리트구조,단독주택,-1/4,0/0/0,3,2018-11-14,신대방역,788,220000,113400,550,106600,6.2,"↑ 위 매물번호를 알려주시면 빠른 상담가능합니다 ↑
-----------------------------------------------------------
♣ 금토끼공인중개사사무소 TEL. 02.3471.7377
금토끼부동산과 함께 안전하고 행복한 부자되세요.
-----------------------------------------------------------
* 상세정보 *
- 2호선 신대방역 도보 12분 평지 고수익률 원룸 건물 매매
- 융자 승계 시 7%이상 수익률 건물
- 감정가보다 저렴한 준신축 건물 놓치면 후회하는 매물
- 매매금액 : 22억 
- 임대내역 : 보증금 11억 3400만원/월세 550만원 (관리비포함)
- 건물현황 : 원룸 17, 주인세대 방3/화2
- 대지면적 : 166㎡(약50.3평) / 연면적 : 422㎡(약127.9평)
- 층수 : 지하1층/지상4층
- 주차 : 3대
- 승강기 : 有
- 방향 : 남향 (주출입구 기준, 호실별 상이함)
- 주용도 : 단독주택
- 용도지역 : 제2종일반주거지역
- 위반건축물 : O
- 사용승인일 : 2018-11-14
-------------------------------------------------------------
♣ 금토끼부동산은
- 고객 니즈에 맞는 친절하고 자세한 상담드립니다.
- 실제매물, 현장사진으로 확인매물로만 알려드립니다.
- 정확한 권리분석과 고객님의 자산안전에 중점을 두고 중개합니다.
♣ 금토끼부동산 위치 : 7호선 남성역 2번출구에서 직진 도보2분
♣ 매물 보기, 상담 신청 : https://goldenrabbit.biz
-------------------------------------------------------------
본 매물은 공인중개사법 제18조 제2·3항에 따라
최초 게시 시 실매물임을 확인하였으나,
현재 시점에서는 거래 완료 등 정보가 변경되었을 수 있습니다.",https://drive.google.com/open?id=1T3C9TZsrDEiJFhaXRvU9vL0YOgj35V65&usp=drive_fs,https://map.kakao.com/link/search/관악구신림동546-13,KakaoTalk_20250801_152327989_02.jpg (https://v5.airtableusercontent.com/v3/u/45/45/1758024000000/3ibTullhPVCJWM2IkaZpWw/u8S-CUwnysj6djUro50Dam9H7EI3CyD6kdDlEJzjZFDNMNn388CLkii6d9IrK2GcPAn9oBdKQcTMkEArbWt-fnnFk9WhfMGXgR-nRmuyMk5yltDdqTibP324I2muJNeugEsh8eZvT1GB7Iie2AfGOxgwIzqp15HwNEmnes6UorhW83VgToY92KsHu7CwSRzd/TZ-P1UqFwlJvIiAU2wAf8G9YgbXe8tuTN0D1THk1VCQ),
관악구 봉천동 148-79,248.00,574.92,제2종일반주거지역,철근콘크리트구조,단독주택,-1/5,0/1/0,4,2022-02-08,낙성대역,394,480000,190000,1480,290000,6.1,"↑ 위 매물번호를 알려주시면 빠른 상담가능합니다 ↑
-----------------------------------------------------------
♣ 금토끼공인중개사사무소 TEL. 02.3471.7377
금토끼부동산과 함께 안전하고 행복한 부자되세요.
-----------------------------------------------------------
* 상세정보 *
- 낙성대역 도보 7분 3년차 신축 고수익 수익형 건물
- 월 1,480만원 수익, 6% 이상 수익률
- 75평 넘는 넓은 대지, 도보역세권으로 투자가치 최고
- 매매금액 : 48억 
- 임대내역 : 보증금 19억원/월세 1480만원 (관리비포함)
- 건물현황 : 1.5룸 18호, 투룸 2호
- 대지면적 : 248㎡(약75.2평) / 연면적 : 574.92㎡(약174.2평)
- 층수 : 지하1층/지상5층
- 주차 : 4대
- 승강기 : 有
- 방향 : 남동향 (주출입구 기준, 호실별 상이함)
- 주용도 : 단독주택
- 용도지역 : 제2종일반주거지역
- 위반건축물 : X
- 사용승인일 : 2022-02-08
-------------------------------------------------------------
♣ 금토끼부동산은
- 고객 니즈에 맞는 친절하고 자세한 상담드립니다.
- 실제매물, 현장사진으로 확인매물로만 알려드립니다.
- 정확한 권리분석과 고객님의 자산안전에 중점을 두고 중개합니다.
♣ 금토끼부동산 위치 : 7호선 남성역 2번출구에서 직진 도보2분
♣ 매물 보기, 상담 신청 : https://goldenrabbit.biz
-------------------------------------------------------------
본 매물은 공인중개사법 제18조 제2·3항에 따라
최초 게시 시 실매물임을 확인하였으나,
현재 시점에서는 거래 완료 등 정보가 변경되었을 수 있습니다.",https://drive.google.com/open?id=1KkaM08V_CwlEqdhintD-lbkSB3lpvbFj&usp=drive_fs,https://map.kakao.com/link/search/관악구봉천동148-79,KakaoTalk_20250722_150515087_01.jpg (https://v5.airtableusercontent.com/v3/u/45/45/1758024000000/spewrL2XIzX-QdmVBnpiKg/rzBcqK8Gb99ZLsrRHUlG6YEDfmT1scHCQEBGla31yE_lJeW--V967poAkE0uPYzk3lPPM2zv4cR25plb_foy0L1siS5Eap8sxMjxI3-Vlw8bSZam6YJC5WosObvvquH715i50neB6XZgst6i3_cSkZKuOV5FEBuWvj9oKPaGISrBv6oMaCeEfvRtBt2nGlrB/pdU6dJ5UzS54qqGei-Z8oHfrc2ArShXVI5100FQe0Ao),
관악구 신림동 585-16,159.00,299.75,제2종일반주거지역,철근콘크리트구조,단독주택,-1/3,0/0/0,2,2017-11-23,신대방역,1300,180000,100000,400,80000,6.0,"↑ 위 매물번호를 알려주시면 빠른 상담가능합니다 ↑
-----------------------------------------------------------
♣ 금토끼공인중개사사무소 TEL. 02.3471.7377
금토끼부동산과 함께 안전하고 행복한 부자되세요.
-----------------------------------------------------------
* 상세정보 *
- 난곡우체국사거리 인접 교통편리하고 주인세대 있는 원룸건물 매매
- 버스로 신림역, 신대방역 이동 편리
- 초중고 도보권으로 거주와 수익을 한번에 해결
- 매매금액 : 18억 
- 임대내역 : 보증금 10억원/월세 400만원 (관리비포함)
- 건물현황 : 원룸 15, 1.5룸 1(옥탑), 주인세대 방3/화2
- 대지면적 : 159㎡(약48.2평) / 연면적 : 299.75㎡(약90.8평)
- 층수 : 지하1층/지상3층
- 주차 : 2대
- 승강기 : 없음
- 방향 : 남향 (주출입구 기준, 호실별 상이함)
- 주용도 : 단독주택
- 용도지역 : 제2종일반주거지역
- 위반건축물 : O
- 사용승인일 : 2017-11-23
-------------------------------------------------------------
♣ 금토끼부동산은
- 고객 니즈에 맞는 친절하고 자세한 상담드립니다.
- 실제매물, 현장사진으로 확인매물로만 알려드립니다.
- 정확한 권리분석과 고객님의 자산안전에 중점을 두고 중개합니다.
♣ 금토끼부동산 위치 : 7호선 남성역 2번출구에서 직진 도보2분
♣ 매물 보기, 상담 신청 : https://goldenrabbit.biz
-------------------------------------------------------------
본 매물은 공인중개사법 제18조 제2·3항에 따라
최초 게시 시 실매물임을 확인하였으나,
현재 시점에서는 거래 완료 등 정보가 변경되었을 수 있습니다.",https://drive.google.com/open?id=1AYUwH0gw84Mp98NEve0psUa5xxIyPh5Q&usp=drive_fs,https://map.kakao.com/link/search/관악구신림동585-16,KakaoTalk_20250617_163531569_02.jpg (https://v5.airtableusercontent.com/v3/u/45/45/1758024000000/CuafgiVWxyHIdePCgo1ofg/Yfpekmim2GVFY7WygWdGjHSohGLk9JLsX0BeOEwZUuSQ7tidS-pd23fzCvZ2wr6xr311FpBokjw61JavAiDXkvzJoHq5wudxcCjc2m42nPa_HivYZFPZ6HjjU6Kql6E8la1dn-9QEX6QzDKSpxaoKE-WSphNnqtZEx6EHHvaRH3eF4KzC5mkUOyjAMSM29y5/rqViGXCUOkKtXXQPU87quoN-QcUUwuSPNYSyMd5Llxo),
구로구 구로동 486-15,152.00,246.09,제3종일반주거지역,철근콘크리트구조,단독주택,-1/3,0/1/14,2,2023-06-28,구로역,618,185000,36700,740,148300,6.0,"↑ 위 매물번호를 알려주시면 빠른 상담가능합니다 ↑
-----------------------------------------------------------
♣ 금토끼공인중개사사무소 TEL. 02.3471.7377
금토끼부동산과 함께 안전하고 행복한 부자되세요.
-----------------------------------------------------------
* 상세정보 *
- 1호선 구로역 도보 8분 초신축 원룸건물 매매
- NC백화점, CGV, 고려대 구로병원 도보권
- 수익률 6% 이상 안정적 투자 물건
- 매매금액 : 18억 5000만원
- 임대내역 : 보증금 3억 6700만원/월세 740만원 (관리비포함)
- 건물현황 : 지층 원룸4, 1층: 원룸2/1.5룸1, 2층: 원룸4, 3층: 원룸2/복층1.5룸2
- 대지면적 : 152㎡(약46.1평) / 연면적 : 246.09㎡(약74.6평)
- 층수 : 지하1층/지상3층
- 주차 : 2대
- 승강기 : 없음
- 방향 : 남향 (주출입구 기준, 호실별 상이함)
- 주용도 : 단독주택
- 용도지역 : 제3종일반주거지역
- 위반건축물 : X
- 사용승인일 : 2023-06-28
-------------------------------------------------------------
♣ 금토끼부동산은
- 고객 니즈에 맞는 친절하고 자세한 상담드립니다.
- 실제매물, 현장사진으로 확인매물로만 알려드립니다.
- 정확한 권리분석과 고객님의 자산안전에 중점을 두고 중개합니다.
♣ 금토끼부동산 위치 : 7호선 남성역 2번출구에서 직진 도보2분
♣ 매물 보기, 상담 신청 : https://goldenrabbit.biz
-------------------------------------------------------------
본 매물은 공인중개사법 제18조 제2·3항에 따라
최초 게시 시 실매물임을 확인하였으나,
현재 시점에서는 거래 완료 등 정보가 변경되었을 수 있습니다.",https://drive.google.com/open?id=13yCizMx6U6I_vxrrmusy-uRD2ejXjC2W&usp=drive_fs,https://map.kakao.com/link/search/구로구구로동486-15,KakaoTalk_20250628_162816855.jpg (https://v5.airtableusercontent.com/v3/u/45/45/1758024000000/IqoCi4gL3enlJ9V68O30Uw/-RAYDMginMLblGtvh9NUoOGRk1kvfLZvei0RtOZY0O6oxgX--dDRRMbfxhjsR7GDIcwx-CBmi-N26RamuITKTOeDxmX7DssQNb4L-05hreeE0XtlQHVqxx-TbPX7PY-EIIDs66VqHqsEQKretGiySNAo8iG502MqQqTdDbgR39EIROitjGFSCPmuWHZfMWAa/HcPSIklDF5Zjs2yHLIvLT3q3D9ySCiSxV5j1hM8VDM4),
성북구 정릉동 289-15,182.00,419.48,제2종일반주거지역,철근콘크리트구조,단독주택,-1/4,0/1/14,3,2023-10-20,북한산보국문역,58,259000,118500,705,140500,6.0,"↑ 위 매물번호를 알려주시면 빠른 상담가능합니다 ↑
-----------------------------------------------------------
♣ 금토끼공인중개사사무소 TEL. 02.3471.7377
금토끼부동산과 함께 안전하고 행복한 부자되세요.
-----------------------------------------------------------
* 상세정보 *
- 북한산보국문역 도보 30초 신축 원룸 건물 매매
- 1,6호선 환승 우이신설선 이용하여 도심 이동 용이
- 희망 시 소유주 거주형태로 구조변경도 조율 가능
- 매매금액 : 25억 9000만원
- 임대내역 : 보증금 11억 8500만원/월세 705만원 (관리비포함)
- 건물현황 : 상가 1호, 원룸 14호 (테라스 4호, 복층테라스 2호)
- 대지면적 : 182㎡(약55.2평) / 연면적 : 419.48㎡(약127.1평)
- 층수 : 지하1층/지상4층
- 주차 : 3대
- 승강기 : 有
- 방향 : 남향 (주출입구 기준, 호실별 상이함)
- 주용도 : 단독주택
- 용도지역 : 제2종일반주거지역
- 위반건축물 : X
- 사용승인일 : 2023-10-20
-------------------------------------------------------------
♣ 금토끼부동산은
- 고객 니즈에 맞는 친절하고 자세한 상담드립니다.
- 실제매물, 현장사진으로 확인매물로만 알려드립니다.
- 정확한 권리분석과 고객님의 자산안전에 중점을 두고 중개합니다.
♣ 금토끼부동산 위치 : 7호선 남성역 2번출구에서 직진 도보2분
♣ 매물 보기, 상담 신청 : https://goldenrabbit.biz
-------------------------------------------------------------
본 매물은 공인중개사법 제18조 제2·3항에 따라
최초 게시 시 실매물임을 확인하였으나,
현재 시점에서는 거래 완료 등 정보가 변경되었을 수 있습니다.",https://drive.google.com/open?id=1GvI1_T9EgW-91EmgLmQJne9h3j6wVoW0&usp=drive_fs,https://map.kakao.com/link/search/성북구정릉동289-15,KakaoTalk_20250915_011013557.jpg (https://v5.airtableusercontent.com/v3/u/45/45/1758024000000/RxCFH_Eb9iFLJnIb1KXCGQ/Xa-1-cppJi3SoPZ7Y_FwJozfE5E_E8efEBjJe0hYRUhjOdHFYJm70P6z4KD1CesYbqLaRlT9NytlVYU0gN0yfTd-OCisisWMwcXv3vsfPkajt1JUk1aCi2DNCaA0KjKeNowI6nJlwgpKqqERgPplX2_wGBzGB8BncJtHyxgr3DPTw66iM0mTIfmzJoBxTEyf/0_LWtpGCF7u20dIJLX8o45unD8Pu66tP6uyA6xKRw0E),